,message,created_time,id,permalink_url,likes,tra,translation,translation pre
63,"LAN√áAMENTO! Forma√ß√£o Pr√°tica em Deep Learning e TensorFlow com Python! Crie passo a passo 16 projetos utilizando modernas t√©cnicas de Machine Learning! Curso com pre√ßo promocional de lan√ßamento por somente R$ 20,00 v√°lido at√© 02/02/2020 at√© 14h (hor√°rio de Bras√≠lia) - depois desta data o pre√ßo volta ao normal, de acordo com a plataforma

Veja abaixo alguns dos principais projetos que voc√™ desenvolver√° passo a passo, que abordam desde assuntos b√°sico at√© conte√∫dos avan√ßados:

- Cria√ß√£o de imagens alucin√≥genas com Deep Dream
- Gera√ß√£o autom√°tica de textos com Redes Neurais Recorrentes
- Gera√ß√£o de novas imagens com GANs
- Retirada de ru√≠do de imagens com Autoencoders
- Compacta√ß√£o de imagens com Autoencoders
- Previs√£o do uso de bicicletas alugas com regress√£o
- Classifica√ß√£o de textos e an√°lise de sentimentos
- Classifica√ß√£o de sinais de tr√¢nsito com Redes Neurais Convolucionais
- Transfer√™ncia de Aprendizagem com TensorFlow Hub",2020-01-29T17:38:01+0000,228782997490446_1035374173497987,https://www.facebook.com/228782997490446/posts/1035374173497987/,81,,"LAUNCH! Practical Training in Deep Learning and TensorFlow with Python! Create step-by-step 16 projects using modern Machine Learning techniques! Course with promotional launch price for only R$ 20.00 valid until 02/02/2020 until 14:00 (Brasilia time) - after this date the price returns to normal, according to the platform

Below are some of the main projects that you will develop step by step, ranging from basic subjects to advanced content:

- Creating hallucinogenic images with Deep Dream
- Automatic generation of texts with Recurrent Neural Networks
- Generation of new images with GANs
- Denoising images with Autoencoders
- Image compression with Autoencoders
- Forecast for rented bikes with regression
- Text classification and sentiment analysis
- Classification of traffic signs with Convolutional Neural Networks
- Learning Transfer with TensorFlow Hub","launch practical training deep learning tensorflow python create step step projects modern machine learning techniques course promotional launch price r$ 20.00 valid 02/02/2020 14:00 brasilia time date price returns normal according platform 

 main projects develop step step ranging basic subjects advanced content 

 creating hallucinogenic images deep dream 
 automatic generation texts recurrent neural networks 
 generation new images gans 
 denoising images autoencoders 
 image compression autoencoders 
 forecast rented bikes regression 
 text classification sentiment analysis 
 classification traffic signs convolutional neural networks 
 learning transfer tensorflow hub"
32,"LAN√áAMENTO! Atendendo a v√°rios pedidos, acabamos de lan√ßar a Forma√ß√£o em Deep Learning com PyTorch e Python! O curso possui conte√∫do parecido com o Deep Learning com Python de A √† Z, por√©m, com a codifica√ß√£o 100% desenvolvida com a biblioteca PyTorch! Veja abaixo um resumo do conte√∫do:

‚Ä¢ S√©ries temporais com redes neurais recorrentes
‚Ä¢ Classifica√ß√£o e regress√£o com redes neurais artificiais
‚Ä¢ Classifica√ß√£o de imagens com redes neurais convolucionais
‚Ä¢ Compacta√ß√£o de imagens com autoencoders
‚Ä¢ Gera√ß√£o de imagens com GANs
‚Ä¢ Detec√ß√£o de objetos com Transfer√™ncia de Aprendizagem
‚Ä¢ E uma nova t√©cnica chamada Transfer√™ncia de Estilo, para combina√ß√£o de imagens

O curso est√° com o valor promocional de R$ 19,99 v√°lido at√© a pr√≥xima ter√ßa-feira!",2020-02-27T12:51:27+0000,228782997490446_1057294617972609,https://www.facebook.com/228782997490446/posts/1057294617972609/,59,,"LAUNCH! In response to a number of requests, we have just launched Deep Learning Training with PyTorch and Python! The course has content similar to Deep Learning with Python from A to Z, however, with coding 100% developed with the PyTorch library! Below is a summary of the content:

‚Ä¢ Time series with recurrent neural networks
‚Ä¢ Classification and regression with artificial neural networks
‚Ä¢ Classification of images with convolutional neural networks
‚Ä¢ Image compression with autoencoders
‚Ä¢ Imaging with GANs
‚Ä¢ Object detection with Learning Transfer
‚Ä¢ And a new technique called Style Transfer, for combining images

The course has a promotional value of R$ 19.99 valid until next Tuesday!","launch response number requests launched deep learning training pytorch python course content similar deep learning python z coding developed pytorch library summary content 

 ‚Ä¢ time series recurrent neural networks 
 ‚Ä¢ classification regression artificial neural networks 
 ‚Ä¢ classification images convolutional neural networks 
 ‚Ä¢ image compression autoencoders 
 ‚Ä¢ imaging gans 
 ‚Ä¢ object detection learning transfer 
 ‚Ä¢ new technique called style transfer combining images 

 course promotional value r$ 19.99 valid tuesday"
64,"üòÆüòÆ A nova arquitetura, chamada de Reformer, aplica as estrat√©gias de hashing sensitivo √† localidade e camadas revers√≠veis para permitir que o algoritmo processe janelas de contexto de at√© 1 milh√£o de palavras usando apenas um processador com 16 GB de mem√≥ria, o que lhe habilita a compreender o contexto de um livro inteiro",2020-01-29T11:14:32+0000,228782997490446_1035147543520650,https://www.facebook.com/228782997490446/posts/1035147543520650/,57,,"üòÆüòÆ The new architecture, called Reformer, applies locale-sensitive hashing strategies and reversible layers to allow the algorithm to process context windows of up to 1 million words using only a processor with 16 GB of memory, which enables it to understand the context of an entire book",üòÆ üòÆ new architecture called reformer applies locale sensitive hashing strategies reversible layers allow algorithm process context windows million words processor gb memory enables understand context entire book
30,Novo curso! #pytorch #deeplearning #machinelearning #jonesgranatyr #iaexpert,2020-02-27T21:47:34+0000,228782997490446_1057602374608500,https://www.facebook.com/iaexpert/photos/a.248923412143071/1057602374608500/?type=3,53,,New course! #pytorch #deeplearning #machinelearning #jonesgranatyr #iaexpert,new course pytorch deeplearning machinelearning jonesgranatyr iaexpert
49,Laborat√≥rio de intelig√™ncia artificial no Paran√°!,2020-02-09T21:04:06+0000,228782997490446_1041944566174281,https://www.facebook.com/228782997490446/posts/1041944566174281/,51,,Artificial intelligence laboratory in Paran√°!,artificial intelligence laboratory paran√°
83,Novos empregos!!,2020-01-12T17:52:03+0000,228782997490446_1019865978382140,https://www.facebook.com/228782997490446/posts/1019865978382140/,51,,New jobs!!,new jobs
42,"Boa not√≠cia para a medicina! A Food and Drug Administration aprovou o uso de um algoritmo que foi treinado para avaliar a qualidade das imagens do cora√ß√£o obtidas por ultrassom, e d√° orienta√ß√µes em tempo real ao t√©cnico para garantir que as imagens tenham qualidade diagn√≥stica",2020-02-14T14:10:40+0000,228782997490446_1047517285617009,https://www.facebook.com/228782997490446/posts/1047517285617009/,46,,"Good news for medicine! The Food and Drug Administration has approved the use of an algorithm that has been trained to assess the quality of ultrasound images of the heart, and provides real-time guidance to the technician to ensure the images are diagnostic quality.",good news medicine food drug administration approved use algorithm trained assess quality ultrasound images heart provides real time guidance technician ensure images diagnostic quality
88,"A ferramenta recebe do usu√°rio o endere√ßo da resid√™ncia, que ela encontra usando os servi√ßos de mapeamento por sat√©lite do Google, e o valor de sua √∫ltima conta de luz, produzindo uma estimativa do n√∫mero e posicionamento ideal de pain√©is solares a serem instalados, custos de instala√ß√£o, e economia gerada",2020-01-07T19:08:58+0000,228782997490446_1017118221990249,https://www.facebook.com/228782997490446/posts/1017118221990249/,45,,"The tool receives from the user the address of the home, which it finds using Google's satellite mapping services, and the value of their last electricity bill, producing an estimate of the number and ideal placement of solar panels to be installed, costs of installation, and savings generated",tool receives user address home finds google satellite mapping services value electricity bill producing estimate number ideal placement solar panels installed costs installation savings generated
76,IA contra a dengue!,2020-01-19T00:46:16+0000,228782997490446_1025890371113034,https://www.facebook.com/228782997490446/posts/1025890371113034/,45,,AI against dengue!,ai dengue
81,Est√° pensando em fazer um mestrado na √°rea de Intelig√™ncia Artificial ou tecnologia? Veja neste artigo algumas dicas sobre como escolher o curso ideal :),2020-01-14T14:20:31+0000,228782997490446_1023574164677988,https://www.facebook.com/228782997490446/posts/1023574164677988/,44,,Are you thinking about doing a master's degree in Artificial Intelligence or technology? See in this article some tips on how to choose the ideal course :),thinking master degree artificial intelligence technology article tips choose ideal course :)
35,"O PyTorch apresenta duas grandes inova√ß√µes: o m√≥dulo que implementa os tensores, objetos manipulados pela rede neural, foi projetado para permitir seu alocamento em GPUs, o que aumenta a velocidade da rede; e ele permite a gera√ß√£o de grafos din√¢micos, com redes de estrutura flex√≠vel, permitindo maior liberdade de arquitetura ao desenvolvedor",2020-02-24T23:23:29+0000,228782997490446_1055420868159984,https://www.facebook.com/228782997490446/posts/1055420868159984/,43,,"PyTorch presents two major innovations: the module that implements the tensors, objects manipulated by the neural network, was designed to allow their allocation on GPUs, which increases the network speed; and it allows the generation of dynamic graphs, with networks of flexible structure, allowing greater architectural freedom to the developer",pytorch presents major innovations module implements tensors objects manipulated neural network designed allow allocation gpus increases network speed allows generation dynamic graphs networks flexible structure allowing greater architectural freedom developer
57,"O spaCy √© uma biblioteca de Python que disponibiliza as principais ferramentas para Processamento de Linguagem Natural avan√ßado, permitindo, por exemplo, extrair informa√ß√µes e anotar textos para uso em modelos de deep learning com objetivos mais complexos

Curso sobre o spaCy: https://iaexpert.com.br/index.php/courses/processamento-linguagem-natural-spacy-python/",2020-02-03T20:10:03+0000,228782997490446_1039073396461398,https://www.facebook.com/228782997490446/posts/1039073396461398/,42,,"spaCy is a Python library that provides the main tools for advanced Natural Language Processing, allowing, for example, to extract information and annotate texts for use in deep learning models with more complex objectives.

SpaCy course: https://iaexpert.com.br/index.php/courses/processamento-linguagem-natural-spacy-python/","spacy python library provides main tools advanced natural language processing allowing example extract information annotate texts use deep learning models complex objectives 

 spacy course -linguagem natural spacy python/"
13,IA e coronav√≠rus,2020-03-12T21:01:26+0000,228782997490446_1067301293638608,https://www.facebook.com/228782997490446/posts/1067301293638608/,41,,AI and coronavirus,ai coronavirus
56,Ar condicionado com IA!,2020-02-04T11:16:13+0000,228782997490446_1039466343088770,https://www.facebook.com/228782997490446/posts/1039466343088770/,40,,Air conditioning with AI!,air conditioning ai
68,Regulamenta√ß√£o da IA!,2020-01-25T20:29:44+0000,228782997490446_1031682173867187,https://www.facebook.com/228782997490446/posts/1031682173867187/,39,,AI regulation!,ai regulation
53,Curso presencial de IA em S√£o Paulo,2020-02-06T20:57:31+0000,228782997490446_1040629732972431,https://www.facebook.com/228782997490446/posts/1040629732972431/,38,,Face-to-face AI course in S√£o Paulo,face face ai course s√£o paulo
54,"Apesar de terem sido desenvolvidas para classificar imagens, as redes neurais convolucionais tamb√©m podem ser aplicadas a textos, capturando padr√µes regionais dentro de suas dimens√µes sem√¢nticas que depois podem ser usados para treinar um algoritmo de classifica√ß√£o",2020-02-05T18:09:40+0000,228782997490446_1040553662980038,https://www.facebook.com/228782997490446/posts/1040553662980038/,37,,"Although they were developed to classify images, convolutional neural networks can also be applied to texts, capturing regional patterns within their semantic dimensions that can then be used to train a classification algorithm.",developed classify images convolutional neural networks applied texts capturing regional patterns semantic dimensions train classification algorithm
91,Algumas previs√µes de ind√∫strias que ser√£o impactadas pela IA em 2020!,2020-01-04T21:17:45+0000,228782997490446_1006475136387891,https://www.facebook.com/228782997490446/posts/1006475136387891/,37,,Some predictions of industries that will be impacted by AI in 2020!,predictions industries impacted ai
39,Medicamento desenvolvido por IA entra pela primeira vez na fase 1 de testes cl√≠nicos,2020-02-17T20:46:44+0000,228782997490446_1050011998700871,https://www.facebook.com/228782997490446/posts/1050011998700871/,36,,AI-developed drug enters phase 1 clinical trials for the first time,ai developed drug enters phase clinical trials time
84,"""A Estrat√©gia Brasileira para a Transforma√ß√£o Digital, o E-Digital, aprovada em mar√ßo de 2018, sinaliza para a import√¢ncia de tratar a intelig√™ncia artificial de maneira priorit√°ria em raz√£o de seus impactos na vida do Pa√≠s e das pessoas""",2020-01-11T20:51:19+0000,228782997490446_1019865341715537,https://www.facebook.com/228782997490446/posts/1019865341715537/,36,,"""The Brazilian Strategy for Digital Transformation, the E-Digital, approved in March 2018, signals the importance of treating artificial intelligence as a priority due to its impacts on the life of the country and people""",brazilian strategy digital transformation e digital approved march signals importance treating artificial intelligence priority impacts life country people
25,"Neste artigo voc√™ ter√° uma breve introdu√ß√£o √† Computa√ß√£o Afetiva, que √© uma √°rea que utiliza conceitos da Computa√ß√£o e da Psicologia!",2020-03-03T17:46:12+0000,228782997490446_1061220197580051,https://www.facebook.com/228782997490446/posts/1061220197580051/,36,,"In this article you will have a brief introduction to Affective Computing, which is an area that uses concepts from Computing and Psychology!",article brief introduction affective computing area uses concepts computing psychology
44,"Voc√™ sabe qual √°rea de Deep Learning dever√° ter o maior crescimento em 2020? Voc√™ consegue adivinhar qual mercado de IA dever√° atingir U$ 22,3 bilh√µes at√© 2025? E voc√™ pode citar o campo da ci√™ncia de dados em que especialistas como Yann LeCunn, Yoshua Bengio e Geoff Hinton est√£o apostando atualmente?

Se voc√™ respondeu Processamento de Linguagem Natural para todas essas tr√™s perguntas, est√° no caminho certo! Espera-se que essa √°rea deva assumir o centro das aten√ß√µes em 2020, e se voc√™ n√£o estiver preparado pode ficar para tr√°s!

Neste curso voc√™ vai aprender as t√©cnicas mais recentes e poderosas de Processamento de Linguagem Natural:

- Crie um tradutor de idiomas de ingl√™s para portugu√™s utilizando a arquitetura Transformer do Google
- Crie uma Rede Neural Convolucional especializada em Processamento de Linguagem Natural para classifica√ß√£o de sentimentos em uma base de dados do Tweeter
- Personalize os m√©todos de treinamento de redes neurais no TensorFlow 2.0
- Use o Google Colab e o Tensorflow 2.0 para suas implementa√ß√µes de Intelig√™ncia Artificial
- Entenda como os algoritmos de intelig√™ncia artificial fazem com que os computadores d√™em sentido √† linguagem humana",2020-02-13T18:13:23+0000,228782997490446_1046788995689838,https://www.facebook.com/228782997490446/posts/1046788995689838/,35,,"Do you know which area of ‚Äã‚ÄãDeep Learning is expected to see the biggest growth in 2020? Can you guess which AI market is expected to reach $22.3 billion by 2025? And can you name the field of data science that experts like Yann LeCunn, Yoshua Bengio and Geoff Hinton are currently betting on?

If you answered Natural Language Processing to all three of these questions, you're on the right track! This area is expected to take the spotlight in 2020, and if you're not prepared, you might be left behind!

In this course you will learn the latest and most powerful Natural Language Processing techniques:

- Create an English to Portuguese language translator using Google's Transformer architecture
- Create a Convolutional Neural Network specialized in Natural Language Processing to classify feelings in a Tweeter database
- Customize neural network training methods in TensorFlow 2.0
- Use Google Colab and Tensorflow 2.0 for your Artificial Intelligence implementations
- Understand how artificial intelligence algorithms make computers make sense of human language","know area ‚Äã‚Äãdeep learning expected biggest growth guess ai market expected reach 22.3 billion field data science experts like yann lecunn yoshua bengio geoff hinton currently betting 

 answered natural language processing questions right track area expected spotlight prepared left 

 course learn latest powerful natural language processing techniques 

 create english portuguese language translator google transformer architecture 
 create convolutional neural network specialized natural language processing classify feelings tweeter database 
 customize neural network training methods tensorflow 2.0 
 use google colab tensorflow 2.0 artificial intelligence implementations 
 understand artificial intelligence algorithms computers sense human language"
90,Mat√©ria interessante sobre como a IA pode reproduzir maus comportamentos humanos!,2020-01-05T14:19:05+0000,228782997490446_1006476279721110,https://www.facebook.com/228782997490446/posts/1006476279721110/,35,,Interesting article on how AI can reproduce human misbehavior!,interesting article ai reproduce human misbehavior
41,IA e depress√£o!,2020-02-15T22:29:47+0000,228782997490446_1047839125584825,https://www.facebook.com/228782997490446/posts/1047839125584825/,34,,AI and depression!,ai depression
20,O Papa Francisco quer estabelecer par√¢metros √©ticos no desenvolvimento da intelig√™ncia artificial (IA) e espera contar com o apoio das empresas de tecnologia para isso,2020-03-08T22:42:23+0000,228782997490446_1063300734038664,https://www.facebook.com/228782997490446/posts/1063300734038664/,34,,Pope Francis wants to establish ethical parameters in the development of artificial intelligence (AI) and hopes to count on the support of technology companies for this.,pope francis wants establish ethical parameters development artificial intelligence ai hopes count support technology companies
27,Amazon testando novo sistema de IA,2020-03-01T22:28:25+0000,228782997490446_1058182317883839,https://www.facebook.com/228782997490446/posts/1058182317883839/,34,,Amazon testing new AI system,amazon testing new ai system
28,Nova tend√™ncia: IA para pequenas empresas!,2020-02-29T16:27:46+0000,228782997490446_1058181737883897,https://www.facebook.com/228782997490446/posts/1058181737883897/,34,,New trend: AI for small businesses!,new trend ai small businesses
89,"O trabalho usou a t√©cnica de transfer learning, tendo como base a GoogLeNet, uma rede neural convolucional treinada para classificar imagens naturais, e recebendo treinamento adicional com cerca de 2000 imagens de microscopia, para assim aprender a detectar les√µes cancer√≠genas, alcan√ßado AUROC de 0,98",2020-01-06T13:43:04+0000,228782997490446_1015959395439465,https://www.facebook.com/228782997490446/posts/1015959395439465/,33,,"The work used the transfer learning technique, based on GoogLeNet, a convolutional neural network trained to classify natural images, and receiving additional training with about 2000 microscopy images, in order to learn to detect cancerous lesions, reaching AUROC of 0, 98",work transfer learning technique based googlenet convolutional neural network trained classify natural images receiving additional training microscopy images order learn detect cancerous lesions reaching auroc
45,"O autor da fa√ßanha usou dois algoritmos dispon√≠veis publicamente. O primeiro √© respons√°vel por aumentar a resolu√ß√£o, incluindo pixels inexistentes; o segundo insere quadros inteiros, aumentando a frequ√™ncia do v√≠deo",2020-02-12T10:48:14+0000,228782997490446_1045745962460808,https://www.facebook.com/228782997490446/posts/1045745962460808/,33,,"The stunt author used two publicly available algorithms. The first is responsible for increasing the resolution, including non-existent pixels; the second inserts entire frames, increasing the video frequency",stunt author publicly available algorithms responsible increasing resolution including non existent pixels second inserts entire frames increasing video frequency
79,"O sistema usa reconhecimento facial para determinar se o motorista est√° sonolento ou distra√≠do, e dependendo da situa√ß√£o, aciona um plano de preven√ß√£o de acidentes adequado. Ele tamb√©m identifica passageiros para que usem as medidas de seguran√ßa apropriadas, e para que o motorista n√£o esque√ßa crian√ßas no banco traseiro, por exemplo",2020-01-15T14:09:03+0000,228782997490446_1024505331251538,https://www.facebook.com/228782997490446/posts/1024505331251538/,32,,"The system uses facial recognition to determine if the driver is drowsy or distracted, and depending on the situation, triggers an appropriate accident prevention plan. It also identifies passengers so that they use appropriate safety measures, and so that the driver does not leave children in the back seat, for example.",system uses facial recognition determine driver drowsy distracted depending situation triggers appropriate accident prevention plan identifies passengers use appropriate safety measures driver leave children seat example
77,"O projeto pretende usar as estruturas mais recentes de intelig√™ncia artificial para processamento de linguagem natural para desvendar a linguagem de elefantes, e assim estabelecer como esses animais se comunicam entre si, e at√© permitir que possamos ‚Äúconversar‚Äù com eles",2020-01-17T11:21:32+0000,228782997490446_1026181117750626,https://www.facebook.com/228782997490446/posts/1026181117750626/,32,,"The project intends to use the latest artificial intelligence frameworks for natural language processing to unravel the language of elephants, and thus establish how these animals communicate with each other, and even allow us to ‚Äútalk‚Äù to them.",project intends use latest artificial intelligence frameworks natural language processing unravel language elephants establish animals communicate allow ‚Äú talk ‚Äù
80,"Redes neurais que podem aprender padr√µes de qualquer tipo de superf√≠cie geom√©trica? üßê
Al√©m de matrizes 2D, as novas redes neurais podem detectar tamb√©m esferas e objetos curvados assimetricamente. 
Para projetar redes neurais que pudessem aprender padr√µes em dados n√£o planos, os pesquisadores precisaram reinventar um dos procedimentos computacionais b√°sicos das redes neurais: a ‚Äúconvolu√ß√£o‚Äù.",2020-01-15T13:00:02+0000,228782997490446_1024004691301602,https://www.facebook.com/228782997490446/posts/1024004691301602/,32,,"Neural networks that can learn patterns from any kind of geometric surface? üßê
In addition to 2D matrices, the new neural networks can also detect spheres and asymmetrically curved objects.
To design neural networks that could learn patterns in non-planar data, researchers needed to reinvent one of the basic computational procedures of neural networks: ‚Äúconvolution‚Äù.","neural networks learn patterns kind geometric surface üßê 
 addition 2d matrices new neural networks detect spheres asymmetrically curved objects 
 design neural networks learn patterns non planar data researchers needed reinvent basic computational procedures neural networks ‚Äú convolution ‚Äù"
52,"Um trabalho buscou na literatura j√° existente uma mol√©cula capaz de impedir a entrada do novo v√≠rus nas c√©lulas humanas. O outro apresentou seis novas mol√©culas com potencial para impedir o processo de replica√ß√£o do v√≠rus dentro das c√©lulas, e assim interromper a infec√ß√£o",2020-02-07T14:47:31+0000,228782997490446_1041940676174670,https://www.facebook.com/228782997490446/posts/1041940676174670/,31,,"One study searched the existing literature for a molecule capable of preventing the entry of the new virus into human cells. The other presented six new molecules with the potential to stop the virus replication process inside cells, and thus stop the infection.",study searched existing literature molecule capable preventing entry new virus human cells presented new molecules potential stop virus replication process inside cells stop infection
21,"O Facebook derrubou mais de seis bilh√µes de contas em 2019 com a ajuda de intelig√™ncia artificial, resolvendo o que era um grande desafio para a rede social at√© ent√£o. O sistema de machine learning usado pela empresa, al√©m de eliminar perfis falsos, bloqueia milh√µes de contas que tentam ser criadas diariamente",2020-03-07T20:41:37+0000,228782997490446_1063299887372082,https://www.facebook.com/228782997490446/posts/1063299887372082/,31,,"Facebook took down more than six billion accounts in 2019 with the help of artificial intelligence, solving what was a big challenge for the social network until then. The machine learning system used by the company, in addition to eliminating fake profiles, blocks millions of accounts that try to be created daily.",facebook took billion accounts help artificial intelligence solving big challenge social network machine learning system company addition eliminating fake profiles blocks millions accounts try created daily
66,"O exame de imageamento por resson√¢ncia magn√©tica exige que o paciente fique imobilizado e confinado dentro da m√°quina por um tempo da casa de dezenas de minutos, para obter imagens de qualidade. A t√©cnica desenvolvida nesse trabalho diminui esse tempo fazendo um p√≥s-processamento para aumentar a qualidade das imagens usando intelig√™ncia artificial",2020-01-27T19:53:01+0000,228782997490446_1033971053638299,https://www.facebook.com/228782997490446/posts/1033971053638299/,30,,"The magnetic resonance imaging exam requires the patient to be immobilized and confined inside the machine for a time of about tens of minutes, in order to obtain quality images. The technique developed in this work reduces this time by doing a post-processing to increase the quality of the images using artificial intelligence.",magnetic resonance imaging exam requires patient immobilized confined inside machine time tens minutes order obtain quality images technique developed work reduces time post processing increase quality images artificial intelligence
87,"Os Neons ser√£o seres virtuais que t√™m visual e comportamento realista, capazes de formar mem√≥rias, aprender com sua experi√™ncia e demonstrar emo√ß√µes e intelig√™ncia, e foram desenvolvidos para serem uma interface mais amig√°vel √†s intera√ß√µes entre humanos e a intelig√™ncia artificial",2020-01-08T13:57:10+0000,228782997490446_1017803148588423,https://www.facebook.com/228782997490446/posts/1017803148588423/,30,,"Neons will be virtual beings that have a realistic look and behavior, capable of forming memories, learning from their experience and showing emotions and intelligence, and were developed to be a friendlier interface for interactions between humans and artificial intelligence.",neons virtual beings realistic look behavior capable forming memories learning experience showing emotions intelligence developed friendlier interface interactions humans artificial intelligence
61,"Pra quem √© do Rio de Janeiro, em fevereiro ter√° um evento gratuito sobre Big Data",2020-01-30T23:32:20+0000,228782997490446_1034826656886072,https://www.facebook.com/228782997490446/posts/1034826656886072/,29,,"For those from Rio de Janeiro, in February there will be a free event on Big Data",rio de janeiro february free event big data
70,Importante mat√©ria sobre mercado de trabalho e IA!,2020-01-23T22:03:00+0000,228782997490446_1030281410673930,https://www.facebook.com/228782997490446/posts/1030281410673930/,29,,Important article about the job market and AI!,important article job market ai
85,"Usando vis√£o computacional, os refrigeradores identificam os alimentos presentes no interior, podendo gerar listas de compras e receitas com base nos ingredientes dispon√≠veis e nas prefer√™ncias do consumidor üòÆ",2020-01-10T17:32:56+0000,228782997490446_1019859551716116,https://www.facebook.com/228782997490446/posts/1019859551716116/,29,,"Using computer vision, refrigerators identify the food inside, being able to generate shopping lists and recipes based on available ingredients and consumer preferences üòÆ",computer vision refrigerators identify food inside able generate shopping lists recipes based available ingredients consumer preferences üòÆ
26,"O algoritmo desenvolvido se tornou capaz de prever o tempo de vida da bateria com apenas poucos ciclos de recarga, diminuindo o tempo de testes de at√© 2 anos para apenas 16 dias, o que permite testar novas tecnologias de engenharia e protocolos de recarga de forma muito mais eficiente",2020-03-02T11:31:10+0000,228782997490446_1060228207679250,https://www.facebook.com/228782997490446/posts/1060228207679250/,29,,"The algorithm developed was able to predict battery life with just a few recharge cycles, reducing testing time from up to 2 years to just 16 days, which allows testing new engineering technologies and charging protocols very quickly. more efficient",algorithm developed able predict battery life recharge cycles reducing testing time years days allows testing new engineering technologies charging protocols quickly efficient
36,"Os pesquisadores usaram dados de express√£o gen√©tica para treinar um autoencoder de forma n√£o-supervisionada, e descobriram que as camadas escondidas dessa rede revelava padr√µes de intera√ß√£o entre os agentes metab√≥licos, come√ßando pelas mais elementais (prote√≠na-prote√≠na) at√© as mais complexas (genes associados a doen√ßas)",2020-02-21T12:33:48+0000,228782997490446_1052703345098403,https://www.facebook.com/228782997490446/posts/1052703345098403/,29,,"The researchers used gene expression data to train an autoencoder in an unsupervised way, and found that the hidden layers of this network revealed patterns of interaction between metabolic agents, starting with the most elemental (protein-protein) to the most complex (associated genes). to diseases)",researchers gene expression data train autoencoder unsupervised way found hidden layers network revealed patterns interaction metabolic agents starting elemental protein protein complex associated genes diseases
58,8 mitos sobre IA!,2020-02-02T20:42:20+0000,228782997490446_1036627163372688,https://www.facebook.com/228782997490446/posts/1036627163372688/,29,,8 Myths About AI!,myths ai
93,Aplica√ß√£o de IA no atendimento ao cliente!,2020-01-01T18:24:15+0000,228782997490446_1006479993054072,https://www.facebook.com/228782997490446/posts/1006479993054072/,28,,Application of AI in customer service!,application ai customer service
75,Chopp com IA!,2020-01-19T23:47:29+0000,228782997490446_1025891684446236,https://www.facebook.com/228782997490446/posts/1025891684446236/,28,,Beer with AI!,beer ai
92,Mat√©ria interessante sobre os limites da IA!,2020-01-02T18:16:23+0000,228782997490446_1006473956388009,https://www.facebook.com/228782997490446/posts/1006473956388009/,28,,Interesting article about the limits of AI!,interesting article limits ai
34,Equipe do Instituto de Tecnologia de Massachusetts testou a solu√ß√£o em mais de seis mil compostos para identificar novos medicamentos em potencial,2020-02-25T13:58:25+0000,228782997490446_1055862838115787,https://www.facebook.com/228782997490446/posts/1055862838115787/,27,,"A team at the Massachusetts Institute of Technology tested the solution on more than 6,000 compounds to identify potential new drugs.","team massachusetts institute technology tested solution 6,000 compounds identify potential new drugs"
71,"Lan√ßamento! Voc√™ quer aprender a construir interfaces gr√°ficas de forma r√°pida e f√°cil utilizando o Python ou o C? Lan√ßamos dois novos cursos que mostram passo a passo como construir interfaces gr√°ficas para seus programas escritos em Python e em C, utilizando o GTK e o Glade!

Cada curso est√° por R$ 19,99 at√© a pr√≥xima ter√ßa-feira (28/01/2020), o menor valor da plataforma. Escolha abaixo o seu curso:

Interface Gr√°fica para Apps Python com GTK e Glade: https://www.udemy.com/course/interface-grafica-para-apps-python-com-gtk-e-glade/?couponCode=IAINTERFACE

Curso em C: https://www.udemy.com/course/interface-grafica-para-apps-feitas-em-c-com-gtk-e-glade/?couponCode=IAINTERFACE",2020-01-23T14:33:18+0000,228782997490446_1030727753962629,https://www.facebook.com/228782997490446/posts/1030727753962629/,26,,"Launch! Do you want to learn how to build graphical interfaces quickly and easily using Python or C? We have launched two new courses that show you step by step how to build graphical interfaces for your programs written in Python and C, using GTK and Glade!

Each course is for R$ 19.99 until next Tuesday (28/01/2020), the lowest value on the platform. Choose your course below:

Graphical Interface for Python Apps with GTK and Glade: https://www.udemy.com/course/interface-grafica-para-apps-python-com-gtk-e-glade/?couponCode=IAINTERFACE

Course in C: https://www.udemy.com/course/interface-grafica-para-apps-feitas-em-c-com-gtk-e-glade/?couponCode=IAINTERFACE","launch want learn build graphical interfaces quickly easily python c launched new courses step step build graphical interfaces programs written python c gtk glade 

 course r$ 19.99 tuesday 28/01/2020 lowest value platform choose course 

 graphical interface python apps gtk glade -grafica para apps python com gtk e glade/?couponcode iainterface 

 course c -grafica para apps feitas em c com gtk e glade/?couponcode iainterface"
43,IA est√° no topo do ranking sobre as ferramentas tecnol√≥gicas para 2020!,2020-02-13T23:40:05+0000,228782997490446_1046833895685348,https://www.facebook.com/228782997490446/posts/1046833895685348/,26,,AI is at the top of the rankings on tech tools for 2020!,ai rankings tech tools
46,IA para edi√ß√£o de v√≠deos!,2020-02-11T15:11:05+0000,228782997490446_1044910669211004,https://www.facebook.com/228782997490446/posts/1044910669211004/,25,,AI for video editing!,ai video editing
24,"O modelo foi treinado para aprender a representar mol√©culas como vetores contendo os grupos qu√≠micos relevantes para a atividade antibacteriana; depois ele foi capaz de descobrir novos antibi√≥ticos potenciais a partir de um banco de mol√©culas. A halicina, mol√©cula descoberta pelo m√©todo, teve sua a√ß√£o potente confirmada por testes biol√≥gicos",2020-03-04T22:15:33+0000,228782997490446_1062097744158963,https://www.facebook.com/228782997490446/posts/1062097744158963/,25,,"The model was trained to learn to represent molecules as vectors containing the chemical groups relevant to antibacterial activity; later he was able to discover potential new antibiotics from a bank of molecules. Halicin, a molecule discovered by the method, had its potent action confirmed by biological tests",model trained learn represent molecules vectors containing chemical groups relevant antibacterial activity later able discover potential new antibiotics bank molecules halicin molecule discovered method potent action confirmed biological tests
33,"Conhe√ßa o mecanismo de aten√ß√£o, que √© a base do transformer, a arquitetura de rede mais recente para PLN, e que permite que uma rede focalize em trechos espec√≠ficos de uma sequ√™ncia de dados para produzir resultados mais precisos",2020-02-26T15:33:04+0000,228782997490446_1056665188035552,https://www.facebook.com/228782997490446/posts/1056665188035552/,24,,"Learn about the attention engine, which is the foundation of the transformer, the latest network architecture for NLP, which allows a network to focus on specific parts of a data sequence to produce more accurate results",learn attention engine foundation transformer latest network architecture nlp allows network focus specific parts data sequence produce accurate results
60,"üòÆüòÆ Como n√£o existe um ‚Äúbaf√¥metro‚Äù para maconha, o produto Predict MEDiX usa reconhecimento facial e de voz para identificar os padr√µes caracter√≠sticos de altera√ß√£o que ocorrem em pessoas incapacitadas pelo uso de subst√¢ncias que alteram as fun√ß√µes cognitivas, e assim permite determinar se um motorista, por exemplo, est√° incapacitado para dirigir",2020-01-31T11:33:08+0000,228782997490446_1036628080039263,https://www.facebook.com/228782997490446/posts/1036628080039263/,23,,"üòÆüòÆ As there is no ‚Äúbreathometer‚Äù for marijuana, the Predict MEDIX product uses facial and voice recognition to identify the characteristic patterns of alteration that occur in people disabled by the use of substances that alter cognitive functions, and thus allows to determine if a driver, for example, is unable to drive",üòÆ üòÆ ‚Äú breathometer ‚Äù marijuana predict medix product uses facial voice recognition identify characteristic patterns alteration occur people disabled use substances alter cognitive functions allows determine driver example unable drive
1,"O projeto, que envolve cientistas, empres√°rios, fabricantes e startups, desenvolveu um prot√≥tipo de sistema de ilumina√ß√£o capaz de se adaptar √† localiza√ß√£o, √† atividade e √†s prefer√™ncias do usu√°rio, ao mesmo tempo que preserva sua privacidade, possibilitando o uso mais racional da energia. Lea mais em: https://iaexpert.com.br/index.php/2020/03/27/projeto-de-ia-apresenta-sistema-de-iluminacao-residencial-inteligente/",2020-03-28T17:21:05+0000,228782997490446_1080432742325463,https://www.facebook.com/228782997490446/posts/1080432742325463/,23,,"The project, which involves scientists, entrepreneurs, manufacturers and startups, developed a prototype of a lighting system capable of adapting to the location, activity and preferences of the user, while preserving their privacy, enabling a more rational use of energy. . Read more at: https://iaexpert.com.br/index.php/2020/03/27/projeto-de-ia-apresenta-sistema-de-iluminacao-residencial-inteligente/",project involves scientists entrepreneurs manufacturers startups developed prototype lighting system capable adapting location activity preferences user preserving privacy enabling rational use energy read -de ia apresenta sistema de iluminacao residencial inteligente/
69,"Como eventos de baixa glicose sangu√≠nea afetam a eletrofisiologia do cora√ß√£o, os autores do trabalho treinaram um algoritmo para detectar hipoglicemia a partir de sinais de ECG. O m√©todo atingiu desempenho similar ao do monitoramento tradicional (que envolve furar o dedo para coletar sangue), usando poucos batimentos card√≠acos coletados por um dispositivo vest√≠vel",2020-01-24T20:13:12+0000,228782997490446_1031679357200802,https://www.facebook.com/228782997490446/posts/1031679357200802/,23,,"As low blood glucose events affect the electrophysiology of the heart, the authors of the work trained an algorithm to detect hypoglycemia from ECG signals. The method achieved performance similar to traditional monitoring (which involves pricking the finger to collect blood), using few heartbeats collected by a wearable device.",low blood glucose events affect electrophysiology heart authors work trained algorithm detect hypoglycemia ecg signals method achieved performance similar traditional monitoring involves pricking finger collect blood heartbeats collected wearable device
65,"""A Intelig√™ncia Artificial (IA) est√° mudando a natureza do trabalho e for√ßando uma reavalia√ß√£o das pr√°ticas no ambiente de trabalho, estruturas corporativas e ecossistemas de inova√ß√£o""",2020-01-28T13:03:47+0000,228782997490446_1034456706923067,https://www.facebook.com/228782997490446/posts/1034456706923067/,23,,"""Artificial Intelligence (AI) is changing the nature of work and forcing a reassessment of practices in the workplace, corporate structures and innovation ecosystems""",artificial intelligence ai changing nature work forcing reassessment practices workplace corporate structures innovation ecosystems
67,Mais uma startup de intelig√™ncia artificial foi comprada!,2020-01-26T20:30:38+0000,228782997490446_1031682830533788,https://www.facebook.com/228782997490446/posts/1031682830533788/,22,,Another artificial intelligence startup has been bought!,artificial intelligence startup bought
55,"LAN√áAMENTO! Processamento de Linguagem Natural com spaCy! Esse √© o primeiro curso postado somente para assinantes IA Expert! Mais detalhes sobre a assinatura:

https://iaexpert.com.br/index.php/assinatura/

Veja abaixo o conte√∫do principal que voc√™ vai aprender:

- Marca√ß√£o POS (part-of-speech)
- Lematiza√ß√£o e stemiza√ß√£o
- Reconhecimento de entidades nomeadas
- Parsing de depend√™ncias
- Similaridade entre palavras
- Constru√ß√£o de um classificador de sentimentos com frases em portugu√™s",2020-02-05T13:18:51+0000,228782997490446_1040383296330408,https://www.facebook.com/228782997490446/posts/1040383296330408/,22,,"LAUNCH! Natural Language Processing with spaCy! This is the first course posted for IA Expert subscribers only! More subscription details:

https://iaexpert.com.br/index.php/assinatura/

See below the main content that you will learn:

- POS dialing (part-of-speech)
- Lemmatization and stemization
- Recognition of named entities
- Dependency parsing
- Similarity between words
- Construction of a sentiment classifier with sentences in Portuguese","launch natural language processing spacy course posted ia expert subscribers subscription details 



 main content learn 

 pos dialing speech 
 lemmatization stemization 
 recognition named entities 
 dependency parsing 
 similarity words 
 construction sentiment classifier sentences portuguese"
38,"Os autores do estudo usaram leituras de atividade cerebral obtidas por eletroencefalografia (EEG) para treinar um algoritmo na tarefa de classificar a efici√™ncia do tratamento da depress√£o com um medicamento cl√°ssico. O algoritmo atingiu alta precis√£o, podendo ser usado para prever quais pacientes responder√£o ao tratamento",2020-02-19T17:04:55+0000,228782997490446_1051355791899825,https://www.facebook.com/228782997490446/posts/1051355791899825/,21,,The study authors used brain activity readings obtained by electroencephalography (EEG) to train an algorithm on the task of rating the effectiveness of treating depression with a classic drug. The algorithm has achieved high accuracy and can be used to predict which patients will respond to treatment.,study authors brain activity readings obtained electroencephalography eeg train algorithm task rating effectiveness treating depression classic drug algorithm achieved high accuracy predict patients respond treatment
86,"O modelo foi treinado para avaliar dados de natureza variada, incluindo imagens de resson√¢ncia magn√©tica, exames gen√©ticos e exames cl√≠nicos, e assim predizer o avan√ßo dos sintomas num intervalo de at√© 5 anos, caracterizando o quadro cl√≠nico como est√°vel ou em decl√≠nio com precis√£o de 90%",2020-01-09T13:52:26+0000,228782997490446_1018729645162440,https://www.facebook.com/228782997490446/posts/1018729645162440/,21,,"The model was trained to evaluate data of a varied nature, including MRI images, genetic tests and clinical examinations, and thus predict the progression of symptoms within a range of up to 5 years, characterizing the clinical picture as stable or declining with an accuracy of 90 %",model trained evaluate data varied nature including mri images genetic tests clinical examinations predict progression symptoms range years characterizing clinical picture stable declining accuracy
23,"Acontece no pr√≥ximo s√°bado (07) o workshop ‚ÄúIntelig√™ncia Artificial: como sobreviver √† esse Tsunami‚Äù com a presen√ßa de Marta Duran Fernandez, refer√™ncia na √°rea da Clarity Health, empresa voltada para solu√ß√µes em intelig√™ncia artificial para o setor m√©dico. O evento √© fruto de uma parceria entre a Prefeitura de Jundia√≠, a Companhia de Inform√°tica de Jundia√≠ (Cijun) e o JunDevelopers, grupo de programadores da cidade.",2020-03-05T14:50:59+0000,228782997490446_1062610994107638,https://www.facebook.com/228782997490446/posts/1062610994107638/,21,,"The workshop ‚ÄúArtificial Intelligence: how to survive this Tsunami‚Äù will take place next Saturday (07th) with the presence of Marta Duran Fernandez, a reference in the area of ‚Äã‚ÄãClarity Health, a company focused on artificial intelligence solutions for the medical sector. The event is the result of a partnership between the Municipality of Jundia√≠, Companhia de Inform√°tica de Jundia√≠ (Cijun) and JunDevelopers, a group of programmers in the city.",workshop ‚Äú artificial intelligence survive tsunami ‚Äù place saturday 07th presence marta duran fernandez reference area ‚Äã‚Äãclarity health company focused artificial intelligence solutions medical sector event result partnership municipality jundia√≠ companhia de inform√°tica de jundia√≠ cijun jundevelopers group programmers city
59,Artigo sobre aplica√ß√£o de IA na medicina!,2020-02-01T22:40:58+0000,228782997490446_1036626310039440,https://www.facebook.com/228782997490446/posts/1036626310039440/,20,,Article on the application of AI in medicine!,article application ai medicine
31,O Tribunal de Justi√ßa do Paran√° (TJPR) criou uma ferramenta tecnol√≥gica que usa a Intelig√™ncia Artificial (IA) para otimizar a pesquisa de informa√ß√µes no sistema BacenJud,2020-02-27T20:52:32+0000,228782997490446_1057576377944433,https://www.facebook.com/228782997490446/posts/1057576377944433/,20,,The Court of Justice of Paran√° (TJPR) created a technological tool that uses Artificial Intelligence (AI) to optimize the search for information in the BacenJud system,court justice paran√° tjpr created technological tool uses artificial intelligence ai optimize search information bacenjud system
14,"O chip foi constru√≠do de forma que os diodos sens√≠veis √† luz formassem uma rede neural f√≠sica; o material do chip possui propriedades el√©tricas que permitem que os diodos ajustem sua sensibilidade em tempo real (como se fossem os pesos de uma rede neural artificial), e assim sejam treinados para preprocessar est√≠mulos visuais relevantes √† tarefa em quest√£o, permitindo o reconhecimento de imagens com lat√™ncia na faixa dos nanossegundos. Leia mais em: https://iaexpert.com.br/index.php/2020/03/11/novo-chip-estruturado-como-uma-rede-neural-faz-reconhecimento-ultrarrapido-de-imagens/",2020-03-11T14:36:53+0000,228782997490446_1067082636993807,https://www.facebook.com/228782997490446/posts/1067082636993807/,19,,"The chip was built so that the light-sensitive diodes form a physical neural network; the chip material has electrical properties that allow the diodes to adjust their sensitivity in real time (as if they were the weights of an artificial neural network), and thus be trained to preprocess visual stimuli relevant to the task at hand, allowing image recognition with latency in the nanosecond range. Read more at: https://iaexpert.com.br/index.php/2020/03/11/novo-chip-estruturado-como-uma-rede-neural-faz-reconhecimento-ultrarrapido-de-imagens/",chip built light sensitive diodes form physical neural network chip material electrical properties allow diodes adjust sensitivity real time weights artificial neural network trained preprocess visual stimuli relevant task hand allowing image recognition latency nanosecond range read -chip estruturado como uma rede neural faz reconhecimento ultrarrapido de imagens/
78,"No desenrolar da pesquisa, pessoas ser√£o pareadas com parceiros representados por intelig√™ncia artificial, e a qualidade dessa intera√ß√£o ser√° investigada para melhor descrever o papel que a IA desempenha no processo de decis√£o humana. O conhecimento gerado pode ajudar a integrar a IA na sociedade de forma mais eficiente",2020-01-16T12:01:46+0000,228782997490446_1025346881167383,https://www.facebook.com/228782997490446/posts/1025346881167383/,19,,"As the research progresses, people will be paired with partners represented by artificial intelligence, and the quality of this interaction will be investigated to better describe the role that AI plays in human decision-making. The knowledge generated can help integrate AI into society more efficiently",research progresses people paired partners represented artificial intelligence quality interaction investigated better describe role ai plays human decision making knowledge generated help integrate ai society efficiently
18,"NOVO CURSO! V√°rias previs√µes sugerem que 80% das empresas usar√£o chatbots at√© 2020, e empresas que ainda n√£o integraram esse tipo de tecnologia √†s suas opera√ß√µes comerciais podem ficar atr√°s da concorr√™ncia! Existe uma grande demanda para a constru√ß√£o de chatbots b√°sicos que trabalhem para as empresas. Empresas procuram desenvolvedores dessa √°rea, o que abre novas oportunidades no mercado de trabalho!

Veja aqui: https://iaexpert.com.br/index.php/courses/chatbots-com-python-e-dialogflow-o-guia-para-iniciantes/

O objetivo do curso Chatbots com Python e Dialogflow: O Guia para Iniciantes √© apresentar a √°rea de chatbots de maneira f√°cil e r√°pida para que voc√™ consiga desenvolver seus pr√≥prios chatbots! Veja abaixo os projetos que voc√™ desenvolver√° passo a passo:

* Chatbot b√°sico para pedido de pizzas com a ferramenta Dialogflow, sendo integrada em um site web e tamb√©m no Messenger do Facebook
* Conversar com a Eliza, que foi o primeiro chatbot da hist√≥ria desenvolvido em 1966! Usaremos o Python e o pacote chat da biblioteca NLTK (Natural Languagem Toolkit)
* Chatbot baseado em regras para conversar sobre diversos assuntos, tamb√©m usando o Python e o NLTK
* Chatbot para pesquisa de textos em documentos: criaremos um pequeno crawler para extrair textos de p√°ginas web, e depois, nosso chatbot ser√° capaz de responder perguntas feitas pelos usu√°rios sobre os textos! Tamb√©m usaremos o Python e a t√©cnica de TF-IDF (Term Frequency - Inverse Document Frequency) para fazer a filtragem do documentos

O curso est√° dispon√≠vel para assinantes do IA Expert, tendo acesso a mais de 60 horas de conte√∫do! 

Voc√™ tamb√©m pode comprar o curso por R$ 19,99 na Udemy: https://www.udemy.com/course/chatbots-python-dialogflow-iniciantes/?couponCode=IAEXPERTCHAT",2020-03-10T13:40:19+0000,228782997490446_1066297887072282,https://www.facebook.com/228782997490446/posts/1066297887072282/,18,,"NEW COURSE! Various predictions suggest that 80% of companies will be using chatbots by 2020, and companies that have not yet integrated this type of technology into their business operations could fall behind the competition! There is a huge demand for building basic chatbots that work for businesses. Companies are looking for developers in this area, which opens up new opportunities in the job market!

See here: https://iaexpert.com.br/index.php/courses/chatbots-com-python-e-dialogflow-o-guia-para-iniciantes/

The purpose of the Chatbots with Python and Dialogflow: The Beginners Guide course is to introduce the chatbots area in an easy and fast way so that you can develop your own chatbots! See below the projects that you will develop step by step:

* Basic chatbot for ordering pizzas with the Dialogflow tool, being integrated into a website and also in Facebook Messenger
* Chat with Eliza, who was the first chatbot in history developed in 1966! We will use Python and the chat package from the NLTK library (Natural Languagem Toolkit)
* Rules-based chatbot to chat on a variety of topics, also using Python and NLTK
* Chatbot for searching texts in documents: we will create a small crawler to extract texts from web pages, and then our chatbot will be able to answer questions asked by users about the texts! We will also use Python and the TF-IDF (Term Frequency - Inverse Document Frequency) technique to filter the documents

The course is available to IA Expert subscribers, having access to over 60 hours of content!

You can also buy the course for R$19.99 on Udemy: https://www.udemy.com/course/chatbots-python-dialogflow-iniciantes/?couponCode=IAEXPERTCHAT","new course predictions suggest companies chatbots companies integrated type technology business operations fall competition huge demand building basic chatbots work businesses companies looking developers area opens new opportunities job market 

 -com python e dialogflow o guia para iniciantes/ 

 purpose chatbots python dialogflow beginners guide course introduce chatbots area easy fast way develop chatbots projects develop step step 

 basic chatbot ordering pizzas dialogflow tool integrated website facebook messenger 
 chat eliza chatbot history developed use python chat package nltk library natural languagem toolkit 
 rules based chatbot chat variety topics python nltk 
 chatbot searching texts documents create small crawler extract texts web pages chatbot able answer questions asked users texts use python tf idf term frequency inverse document frequency technique filter documents 

 course available ia expert subscribers having access hours content 

 buy course r$19.99 udemy -python dialogflow iniciantes/?couponcode iaexpertchat"
19,"Uma rede neural convolucional foi treinada com dados referentes √† taxa de semeadura, aplica√ß√£o de fertilizante, topografia e condutividade do solo, e imagens de sat√©lite, sendo capaz de predizer o rendimento das planta√ß√µes com precis√£o superior √† dos demais m√©todos testados. No futuro esse m√©todo pode ser usado para gerar recomenda√ß√µes de cultivo com base nas condi√ß√µes locais. Leia mais em: https://iaexpert.com.br/index.php/2020/03/09/ia-prediz-rendimento-de-plantacoes-com-base-em-dados-do-solo-e-fatores-de-cultivo/",2020-03-09T16:47:23+0000,228782997490446_1065669520468452,https://www.facebook.com/228782997490446/posts/1065669520468452/,18,,"A convolutional neural network was trained with data on seeding rate, fertilizer application, topography and soil conductivity, and satellite images, being able to predict crop yields with greater precision than the other methods tested. In the future, this method can be used to generate crop recommendations based on local conditions. Read more at: https://iaexpert.com.br/index.php/2020/03/09/ia-prediz-rendimento-de-plantacoes-com-base-em-dados-do-solo-e-fatores- de-cultivation /",convolutional neural network trained data seeding rate fertilizer application topography soil conductivity satellite images able predict crop yields greater precision methods tested future method generate crop recommendations based local conditions read -prediz rendimento de plantacoes com base em dados solo e fatores- de cultivation
22,"O modelo analisa m√∫ltiplas imagens de tomografia computadorizada do pulm√£o de pacientes potencialmente infectados pelo v√≠rus, entregando um diagn√≥stico em 15 segundos, quando a an√°lise tradicional leva 15 minutos. A ferramenta est√° sendo usada no diagn√≥stico e no acompanhamento do tratamento dos pacientes. Leia mais em: https://iaexpert.com.br/index.php/2020/03/06/ia-identifica-infeccao-pelo-novo-coronavirus-em-15-segundos/",2020-03-06T13:24:32+0000,228782997490446_1063293817372689,https://www.facebook.com/228782997490446/posts/1063293817372689/,18,,"The model analyzes multiple computed tomography images of the lung of patients potentially infected with the virus, delivering a diagnosis in 15 seconds, when traditional analysis takes 15 minutes. The tool is being used in the diagnosis and monitoring of the treatment of patients. Read more at: https://iaexpert.com.br/index.php/2020/03/06/ia-identifica-infeccao-pelo-novo-coronavirus-em-15- Segundos/",model analyzes multiple computed tomography images lung patients potentially infected virus delivering diagnosis seconds traditional analysis takes minutes tool diagnosis monitoring treatment patients read -identifica infeccao pelo novo coronavirus em-15- segundos/
5,"O produto comercial Ethos faz a an√°lise dos exames de imagem do paciente em minutos, produzindo um planejamento personalizado para o tratamento, que pode ser corrigido em tempo real conforme o tumor responde √† terapia",2020-03-25T12:56:57+0000,228782997490446_1077877199247684,https://www.facebook.com/228782997490446/posts/1077877199247684/,18,,"The commercial Ethos product analyzes patient imaging in minutes, producing a personalized treatment plan that can be corrected in real-time as the tumor responds to therapy.",commercial ethos product analyzes patient imaging minutes producing personalized treatment plan corrected real time tumor responds therapy
48,"O algoritmo desenvolvido usa uma estrutura convolucional para extrair features das imagens de sat√©lite, e assim contabilizar atributos como o n√∫mero de faixas, e uma estrutura de grafo para conectar partes cont√≠guas das vias, e assim predizer esses atributos em regi√µes oclusas das imagens",2020-02-10T18:15:05+0000,228782997490446_1044433749258696,https://www.facebook.com/228782997490446/posts/1044433749258696/,18,,"The developed algorithm uses a convolutional structure to extract features from satellite images, and thus account for attributes such as the number of lanes, and a graph structure to connect contiguous parts of the roads, and thus predict these attributes in occluded regions of the images.",developed algorithm uses convolutional structure extract features satellite images account attributes number lanes graph structure connect contiguous parts roads predict attributes occluded regions images
74,"A ferramenta, desenvolvida pela empresa Cinelytic, usa big data para determinar como fatores como elenco, distribuidor e data de lan√ßamento impacta no rendimento de filmes lan√ßados no cinema, disponibilizando rapidamente previs√µes sobre a viabilidade econ√¥mica dos projetos",2020-01-20T20:08:49+0000,228782997490446_1028686580833413,https://www.facebook.com/228782997490446/posts/1028686580833413/,17,,"The tool, developed by the company Cinelytic, uses big data to determine how factors such as cast, distributor and release date impact the performance of films released theatrically, quickly providing forecasts about the economic viability of projects.",tool developed company cinelytic uses big data determine factors cast distributor release date impact performance films released theatrically quickly providing forecasts economic viability projects
82,"A plataforma desenvolvida permite todo o planejamento da cirurgia usando intelig√™ncia artificial, entregando desde um roteiro operat√≥rio at√© implantes espec√≠ficos ao paciente. Os dados p√≥s-operat√≥rios s√£o integrados √†s informa√ß√µes j√° dispon√≠veis para treinar modelos preditivos e assim corrigir o andamento do tratamento, se necess√°rio, aumentando a efici√™ncia final da opera√ß√£o",2020-01-13T14:14:33+0000,228782997490446_1022600041442067,https://www.facebook.com/228782997490446/posts/1022600041442067/,17,,"The developed platform allows all surgery planning using artificial intelligence, delivering from an operative script to patient-specific implants. Postoperative data are integrated with information already available to train predictive models and thus correct treatment progress, if necessary, increasing the final efficiency of the operation.",developed platform allows surgery planning artificial intelligence delivering operative script patient specific implants postoperative data integrated information available train predictive models correct treatment progress necessary increasing final efficiency operation
12,"O sistema, desenvolvido pela Universidade de Ci√™ncia e Tecnologia do pa√≠s, entra numa fase de testes de um ano em duas prov√≠ncias, e produz relat√≥rios dos eventos s√≠smicos usando uma grande quantidade de dados em apenas dois segundos. Leia mais em: https://iaexpert.com.br/index.php/2020/03/13/china-comeca-a-usar-ia-para-prever-terremotos/",2020-03-13T16:45:36+0000,228782997490446_1068625173506220,https://www.facebook.com/228782997490446/posts/1068625173506220/,16,,"The system, developed by the country's University of Science and Technology, enters a year-long testing phase in two provinces, and produces seismic event reports using a large amount of data in just two seconds. Read more at: https://iaexpert.com.br/index.php/2020/03/13/china-comeca-a-usar-ia-para-prever-terremotos/",system developed country university science technology enters year long testing phase provinces produces seismic event reports large data seconds read -comeca usar ia para prever terremotos/
72,"O Virtual Visor usa reconhecimento facial para reconhecer a posi√ß√£o dos olhos do motorista, e um visor de LCD transparente montado no lugar do para-sol escure na por√ß√£o exata para proteger os olhos, sem bloquear a vista do resto da estrada",2020-01-22T17:46:36+0000,228782997490446_1030091000692971,https://www.facebook.com/228782997490446/posts/1030091000692971/,16,,"The Virtual Visor uses facial recognition to recognize the driver's eye position, and a clear LCD display mounted in place of the sunshade darkens just the right portion to protect the eyes without blocking the view from the rest of the road.",virtual visor uses facial recognition recognize driver eye position clear lcd display mounted place sunshade darkens right portion protect eyes blocking view rest road
37,Algumas previs√µes para 2020!,2020-02-20T16:31:59+0000,228782997490446_1051873628514708,https://www.facebook.com/228782997490446/posts/1051873628514708/,16,,Some predictions for 2020!,predictions
47,"IA possibilita gerar mapas digitais detalhados usando imagens de sat√©lite! O algoritmo desenvolvido usa uma estrutura convolucional para extrair features das imagens de sat√©lite, e assim contabilizar atributos como o n√∫mero de faixas, e uma estrutura de grafo para conectar partes cont√≠guas das vias, e assim predizer esses atributos em regi√µes oclusas das imagens. Leia mais em: https://iaexpert.com.br/index.php/2020/02/10/ia-possibilita-gerar-mapas-digitais-detalhados-usando-imagens-de-satelite/ #inteligenciaartificial #intelig√™nciaartificial #ia #machinelearning #deeplearning #artificialintelligence #google #mapas #gps #jonesgranatyr #iaexpert",2020-02-10T18:18:49+0000,228782997490446_1044436132591791,https://www.facebook.com/iaexpert/photos/a.248923412143071/1044436132591791/?type=3,15,,"AI makes it possible to generate detailed digital maps using satellite imagery! The developed algorithm uses a convolutional structure to extract features from satellite images, and thus account for attributes such as the number of lanes, and a graph structure to connect contiguous parts of the roads, and thus predict these attributes in occluded regions of the images. Read more at: https://iaexpert.com.br/index.php/2020/02/10/ia-possibilita-gerar-mapas-digitais-detalhados-usando-imagens-de-satelite/ #inteligenciaartificial #inteligenciaartificial #ia #machinelearning #deeplearning #artificialintelligence #google #maps #gps #jonesgranatyr #iaexpert",ai makes possible generate detailed digital maps satellite imagery developed algorithm uses convolutional structure extract features satellite images account attributes number lanes graph structure connect contiguous parts roads predict attributes occluded regions images read -possibilita gerar mapas digitais detalhados usando imagens de satelite/ inteligenciaartificial inteligenciaartificial ia machinelearning deeplearning artificialintelligence google maps gps jonesgranatyr iaexpert
40,Nova IA!,2020-02-16T19:31:12+0000,228782997490446_1047840215584716,https://www.facebook.com/228782997490446/posts/1047840215584716/,15,,New AI!,new ai
10,Saiba mais sobre o Marco da Intelig√™ncia Artificial!,2020-03-15T21:03:04+0000,228782997490446_1067302536971817,https://www.facebook.com/228782997490446/posts/1067302536971817/,15,,Learn more about the Artificial Intelligence Framework!,learn artificial intelligence framework
2,"Neste segundo post da s√©rie como simular emo√ß√µes em agentes, descrevo alguns rob√¥s com recursos de √∫ltima gera√ß√£o para simular esses sentimentos. Acredito que provavelmente voc√™ j√° tenhas visto algum deles, ser√°? Clique nesse post e d√° uma conferida. Leia mais em: https://iaexpert.com.br/index.php/2020/03/26/como-simular-emocoes-em-agentes-parte-ii/",2020-03-27T15:45:18+0000,228782997490446_1079568139078590,https://www.facebook.com/228782997490446/posts/1079568139078590/,14,,"In this second post in the series on how to simulate emotions in agents, I describe some robots with state-of-the-art resources to simulate these feelings. I believe you've probably seen one of them, have you? Click on this post and check it out. Read more at: https://iaexpert.com.br/index.php/2020/03/26/como-simular-emocoes-em-agentes-parte-ii/",second post series simulate emotions agents describe robots state art resources simulate feelings believe probably seen click post check read -simular emocoes em agentes parte ii/
4,"Planejamento de tratamento por radioterapia agora leva minutos ao inv√©s de dias, gra√ßas √† intelig√™ncia artificial! O produto comercial Ethos faz a an√°lise dos exames de imagem do paciente em minutos, produzindo um planejamento personalizado para o tratamento, que pode ser corrigido em tempo real conforme o tumor responde √† terapia. Leia mais em: https://iaexpert.com.br/index.php/2020/03/23/planejamento-de-tratamento-por-radioterapia-agora-leva-minutos-ao-inves-de-dias-gracas-a-inteligencia-artificial/",2020-03-25T12:58:23+0000,228782997490446_1077878812580856,https://www.facebook.com/228782997490446/posts/1077878812580856/,14,,"Radiotherapy treatment planning now takes minutes instead of days, thanks to artificial intelligence! The commercial Ethos product analyzes patient imaging in minutes, producing a personalized treatment plan that can be corrected in real-time as the tumor responds to therapy. Read more at: https://iaexpert.com.br/index.php/2020/03/23/planejamento-de-tratamento-por-radioterapia-agora-leva-minutos-ao-inves-de-dias-gracas- a-artificial-intelligence/",radiotherapy treatment planning takes minutes instead days thanks artificial intelligence commercial ethos product analyzes patient imaging minutes producing personalized treatment plan corrected real time tumor responds therapy read -de tratamento por radioterapia agora leva minutos ao inves de dias gracas- artificial intelligence/
8,Primeiro navio aut√¥nomo deve atravessar o Oceano Atl√¢ntico em setembro! Leia mais em: https://iaexpert.com.br/index.php/2020/03/18/primeiro-navio-autonomo-deve-atravessar-o-oceano-atlantico-em-setembro/,2020-03-19T16:09:31+0000,228782997490446_1073206196381451,https://www.facebook.com/228782997490446/posts/1073206196381451/,14,,First autonomous ship to cross the Atlantic Ocean in September! Read more at: https://iaexpert.com.br/index.php/2020/03/18/primeiro-navio-autonomo-deve-across-o-oceano-atlantico-em-setembro/,autonomous ship cross atlantic ocean september read -navio autonomo deve o oceano atlantico em setembro/
29,"Neste artigo apresento como o conceito de aten√ß√£o √© implementado na estrutura do transformer, quais s√£o as principais etapas que envolvem uma tarefa do tipo seq2seq nessa estrutura, e por que os transformers t√™m desbancado mesmo as vers√µes mais recentes de RNNs",2020-02-28T16:10:07+0000,228782997490446_1058177387884332,https://www.facebook.com/228782997490446/posts/1058177387884332/,12,,"In this article, I present how the concept of attention is implemented in the transformer structure, what are the main steps involved in a seq2seq task in this structure, and why transformers have displaced even the most recent versions of RNNs",article present concept attention implemented transformer structure main steps involved seq2seq task structure transformers displaced recent versions rnns
3,"O sistema foi treinado com v√°rios dados ambientais hist√≥ricos, sendo capaz de determinar a import√¢ncia relativa de cada um desses fatores nos n√≠veis de polui√ß√£o imediatamente posteriores. A ferramenta ser√° usada para tornar vi√°vel o mercado de carbono. Leia mais em: https://iaexpert.com.br/index.php/2020/03/25/ia-preve-niveis-de-poluicao-do-ar-para-viabilizar-o-mercado-de-carbono/",2020-03-26T23:16:59+0000,228782997490446_1079041309131273,https://www.facebook.com/228782997490446/posts/1079041309131273/,12,,"The system was trained with various historical environmental data, being able to determine the relative importance of each of these factors in the immediately subsequent pollution levels. The tool will be used to make the carbon market viable. Read more at: https://iaexpert.com.br/index.php/2020/03/25/ia-preve-niveis-de-poluicao-do-ar-para-viabilizar-o-mercado-de-carbono/",system trained historical environmental data able determine relative importance factors immediately subsequent pollution levels tool carbon market viable read -preve niveis de poluicao ar para viabilizar o mercado de carbono/
62,"""No momento em que uma chamada √© feita pelo aplicativo, o sistema vasculha padr√µes de comportamento que est√£o associados a incidentes, como hist√≥rico do usu√°rio, modo de pagamento e hor√°rio da corrida. Por exemplo, o sistema entende que um passageiro que acabou de baixar o app da 99 e solicita uma corrida em dinheiro durante a madrugada pode representar uma chamada de risco""",2020-01-30T20:18:38+0000,228782997490446_1036163826752355,https://www.facebook.com/228782997490446/posts/1036163826752355/,12,,"""The moment a call is made through the app, the system scans for patterns of behavior that are associated with incidents, such as user history, payment method and ride time. For example, the system understands that a passenger who has just downloaded the 99 app and requests a cash run during the night could represent a risky call""",moment app system scans patterns behavior associated incidents user history payment method ride time example system understands passenger downloaded app requests cash run night represent risky
73,Google est√° preocupado com o uso da Intelig√™ncia Artificial!,2020-01-21T11:36:22+0000,228782997490446_1029112104124194,https://www.facebook.com/228782997490446/posts/1029112104124194/,12,,Google is concerned about the use of Artificial Intelligence!,google concerned use artificial intelligence
0,IA permite definir as condi√ß√µes de s√≠ntese para a gera√ß√£o de novos micromateriais! Leia mais em: https://iaexpert.com.br/index.php/2020/03/30/ia-permite-definir-as-condicoes-de-sintese-para-a-geracao-de-novos-micromateriais/,2020-03-30T18:48:47+0000,228782997490446_1082022918833112,https://www.facebook.com/228782997490446/posts/1082022918833112/,11,,AI allows you to define the synthesis conditions for the generation of new micromaterials! Read more at: https://iaexpert.com.br/index.php/2020/03/30/ia-permite-definir-as-condicoes-de-sintese-para-a-geracao-de-novos-micromateriais/,ai allows define synthesis conditions generation new micromaterials read -permite definir condicoes de sintese para geracao de novos micromateriais/
15,Ser√° que √© poss√≠vel um objeto como um agente rob√≥tico ter emo√ß√µes? Leia este artigo e tire suas conclus√µes,2020-03-10T16:23:00+0000,228782997490446_1066396270395777,https://www.facebook.com/228782997490446/posts/1066396270395777/,10,,Is it possible for an object like a robotic agent to have emotions? Read this article and draw your conclusions,possible object like robotic agent emotions read article draw conclusions
7,"Como simular emo√ß√µes em agentes, seja virtuais ou f√≠sicos? Este √© o primeiro de v√°rios posts onde pretendo lev√°-lo a uma jornada onde irei tentar fazer com que voc√™, nobre leitor, consiga perceber e identificar que um simples movimento de um objeto pode fazer com que sintamos empatia por ele. E, com isso, acreditar que ele tenha sentimentos e emo√ß√µes. Leia mais em: https://iaexpert.com.br/index.php/2020/03/19/como-simular-emocoes-em-agentes-parte-i/",2020-03-20T20:16:04+0000,228782997490446_1074136262955111,https://www.facebook.com/228782997490446/posts/1074136262955111/,10,,"How to simulate emotions in agents, whether virtual or physical? This is the first of several posts where I intend to take you on a journey where I will try to make you, noble reader, be able to perceive and identify that a simple movement of an object can make us feel empathy for it. And, with that, to believe that he has feelings and emotions. Read more at: https://iaexpert.com.br/index.php/2020/03/19/como-simular-emocoes-em-agentes-parte-i/",simulate emotions agents virtual physical posts intend journey try noble reader able perceive identify simple movement object feel empathy believe feelings emotions read -simular emocoes em agentes parte i/
6,"IA classifica agudez de dor lombar a partir de anota√ß√µes m√©dicas em texto corrido! Como os relat√≥rios m√©dicos tradicionais n√£o fazem a distin√ß√£o entre a agudez do quadro, os autores treinaram uma rede neural convolucional para identificar o estado a partir de anota√ß√µes cl√≠nicas em texto livre, atingindo precis√£o elevada! https://iaexpert.com.br/index.php/2020/03/20/ia-classifica-agudez-de-dor-lombar-a-partir-de-anotacoes-medicas-em-texto-corrido/",2020-03-23T14:38:07+0000,228782997490446_1076354916066579,https://www.facebook.com/228782997490446/posts/1076354916066579/,10,,"AI rates low back pain acuteness from medical notes in plain text! As traditional medical reports do not distinguish between the acuteness of the picture, the authors trained a convolutional neural network to identify the state from clinical notes in free text, achieving high accuracy! https://iaexpert.com.br/index.php/2020/03/20/ia-classifica-agudez-de-dor-lombar-a-partir-de-anotacoes-medicas-em-texto-corrido/",ai rates low pain acuteness medical notes plain text traditional medical reports distinguish acuteness picture authors trained convolutional neural network identify state clinical notes free text achieving high accuracy -classifica agudez de dor lombar partir de anotacoes medicas em texto corrido/
11,Outra empresa investindo em IA!,2020-03-14T23:02:10+0000,228782997490446_1067301860305218,https://www.facebook.com/228782997490446/posts/1067301860305218/,10,,Another company investing in AI!,company investing ai
9,"IA permite detectar vazamentos de metano, um dos gases causadores do efeito estufa. Leia mais em: https://iaexpert.com.br/index.php/2020/03/16/ia-permite-detectar-vazamentos-de-metano-um-dos-gases-causadores-do-efeito-estufa/",2020-03-17T17:07:53+0000,228782997490446_1071661309869273,https://www.facebook.com/228782997490446/posts/1071661309869273/,8,,"AI allows you to detect leaks of methane, one of the gases that cause the greenhouse effect. Read more at: https://iaexpert.com.br/index.php/2020/03/16/ia-permite-detectar-vazamentos-de-metano-um-dos-gases-causadores-do-efeito-estufa/",ai allows detect leaks methane gases cause greenhouse effect read -permite detectar vazamentos de metano um dos gases causadores efeito estufa/
50,Algumas previs√µes para o mercado de trabalho!,2020-02-08T15:03:00+0000,228782997490446_1041943749507696,https://www.facebook.com/228782997490446/posts/1041943749507696/,7,,Some predictions for the job market!,predictions job market
51,https://panoramafarmaceutico.com.br/2020/02/07/a-inteligencia-artificial-vai-dominar-o-mercado-em-uma-decada-diz-executivo-do-google/,2020-02-07T14:51:44+0000,228782997490446_1041943196174418,https://www.facebook.com/228782997490446/posts/1041943196174418/,6,,https://panoramafarmaceutico.com.br/2020/02/07/a-inteligencia-artificial-vai-dominar-o-mercado-em-uma-decada-diz-executivo-do-google/,-inteligencia artificial vai dominar o mercado em uma decada diz executivo google/
16,Ser√° que √© poss√≠vel um objeto como um agente rob√≥tico ter emo√ß√µes? Leia este artigo e tire suas conclus√µes,2020-03-10T16:11:42+0000,228782997490446_1066395337062537,https://www.facebook.com/228782997490446/posts/1066395337062537/,5,,Is it possible for an object like a robotic agent to have emotions? Read this article and draw your conclusions,possible object like robotic agent emotions read article draw conclusions
17,https://iaexpert.com.br/index.php/2020/03/10/um-agente-robotico-pode-ter-emocoes/,2020-03-10T16:11:20+0000,228782997490446_1066395120395892,https://www.facebook.com/228782997490446/posts/1066395120395892/,1,,https://iaexpert.com.br/index.php/2020/03/10/um-agente-robotic-pode-ter-emocoes/,-agente robotic pode ter emocoes/
